"n","celln5_f","celln5_e","celln5_fe","celln5_fer","celln5_lhi","celln5_cnp","celln5_rand","celln5_rand_lo","celln5_rand_hi","cellm5_f","cellm5_e","cellm5_fe","cellm5_fer","cellm5_lhi","cellm5_cnp","cellm5_rand","cellm5_rand_lo","cellm5_rand_hi","celln10_f","celln10_e","celln10_fe","celln10_fer","celln10_lhi","celln10_cnp","celln10_rand","celln10_rand_lo","celln10_rand_hi","cellm10_f","cellm10_e","cellm10_fe","cellm10_fer","cellm10_lhi","cellm10_cnp","cellm10_rand","cellm10_rand_lo","cellm10_rand_hi"
100,23,20,22,22,NA,NA,21,19,23,4.45454545454545,5,4.71428571428571,4.71428571428571,NA,NA,4.9,4.5,5.26315789473684,64,45,58,59,NA,NA,46,42,51,1.55555555555556,2.22222222222222,1.73684210526316,1.70689655172414,NA,NA,2.2,1.98,2.41463414634146
99,23,20,22,22,NA,NA,21,19,22,4.40909090909091,4.95,4.66666666666667,4.66666666666667,NA,NA,4.9,4.5,5.21052631578947,64,45,58,59,NA,NA,46,41,50,1.53968253968254,2.2,1.71929824561404,1.68965517241379,NA,NA,2.17777777777778,1.98,2.425
98,23,20,22,22,NA,NA,21,19,22,4.36363636363636,4.9,4.61904761904762,4.61904761904762,NA,NA,4.85,4.45454545454545,5.1578947368421,64,45,58,59,NA,NA,45,41,50,1.52380952380952,2.17777777777778,1.70175438596491,1.67241379310345,NA,NA,2.17777777777778,1.96,2.4
97,23,20,22,22,NA,NA,21,19,22,4.31818181818182,4.85,4.57142857142857,4.57142857142857,NA,NA,4.8,4.40909090909091,5.10526315789474,63,45,58,59,NA,NA,45,41,50,1.53225806451613,2.15555555555556,1.68421052631579,1.6551724137931,NA,NA,2.15555555555556,1.95918367346939,2.36585365853659
96,23,20,22,22,NA,NA,21,19,22,4.27272727272727,4.8,4.52380952380952,4.52380952380952,NA,NA,4.75,4.36363636363636,5.22222222222222,63,45,58,59,NA,NA,45,40,50,1.51612903225806,2.13333333333333,1.66666666666667,1.63793103448276,NA,NA,2.13636363636364,1.93877551020408,2.4
95,23,20,22,22,NA,NA,21,19,22,4.22727272727273,4.75,4.47619047619048,4.47619047619048,NA,NA,4.7,4.31818181818182,5.16666666666667,62,45,58,59,NA,NA,45,40,50,1.52459016393443,2.11111111111111,1.64912280701754,1.62068965517241,NA,NA,2.13636363636364,1.91836734693878,2.375
94,23,20,22,22,NA,NA,21,19,22,4.18181818181818,4.7,4.42857142857143,4.42857142857143,NA,NA,4.65,4.27272727272727,5.16666666666667,62,45,58,58,NA,NA,44,40,49,1.50819672131148,2.08888888888889,1.63157894736842,1.63157894736842,NA,NA,2.13636363636364,1.91836734693878,2.38461538461538
93,23,20,22,22,NA,NA,21,19,22,4.13636363636364,4.65,4.38095238095238,4.38095238095238,NA,NA,4.6,4.22727272727273,5.11111111111111,62,45,58,57,NA,NA,45,40,49,1.49180327868852,2.06666666666667,1.6140350877193,1.64285714285714,NA,NA,2.09090909090909,1.89795918367347,2.33333333333333
92,23,20,22,22,NA,NA,21,19,22,4.09090909090909,4.6,4.33333333333333,4.33333333333333,NA,NA,4.55,4.18181818181818,5.05555555555556,62,45,57,57,NA,NA,44,40,49,1.47540983606557,2.04444444444444,1.625,1.625,NA,NA,2.09090909090909,1.89583333333333,2.33333333333333
91,23,20,22,22,NA,NA,21,19,22,4.04545454545455,4.55,4.28571428571429,4.28571428571429,NA,NA,4.5,4.13636363636364,5,62,45,57,57,NA,NA,44,39,48,1.45901639344262,2.02222222222222,1.60714285714286,1.60714285714286,NA,NA,2.09302325581395,1.8936170212766,2.33333333333333
90,23,20,22,22,NA,NA,21,19,22,4,4.5,4.23809523809524,4.23809523809524,NA,NA,4.45,4.09090909090909,4.94444444444444,62,45,57,57,NA,NA,44,39,48,1.44262295081967,2,1.58928571428571,1.58928571428571,NA,NA,2.06976744186047,1.875,2.30769230769231
89,23,20,22,22,NA,NA,21,19,22,3.95454545454545,4.45,4.19047619047619,4.19047619047619,NA,NA,4.4,4.04545454545455,4.88888888888889,61,44,57,57,NA,NA,43,39,48,1.45,2.02272727272727,1.57142857142857,1.57142857142857,NA,NA,2.06976744186047,1.87234042553191,2.31578947368421
88,23,20,22,22,NA,NA,21,19,22,3.90909090909091,4.4,4.14285714285714,4.14285714285714,NA,NA,4.35,4.04761904761905,4.83333333333333,61,43,57,57,NA,NA,43,38,48,1.43333333333333,2.04651162790698,1.55357142857143,1.55357142857143,NA,NA,2.04651162790698,1.85106382978723,2.31578947368421
87,23,20,22,22,NA,NA,20,18,22,3.86363636363636,4.35,4.0952380952381,4.0952380952381,NA,NA,4.35,4,4.77777777777778,61,43,57,56,NA,NA,43,38,48,1.41666666666667,2.02325581395349,1.53571428571429,1.56363636363636,NA,NA,2.02380952380952,1.82978723404255,2.28947368421053
86,23,20,22,22,NA,NA,20,18,22,3.81818181818182,4.3,4.04761904761905,4.04761904761905,NA,NA,4.3,3.95238095238095,4.77777777777778,61,43,56,55,NA,NA,43,38,47,1.4,2,1.54545454545455,1.57407407407407,NA,NA,2.02380952380952,1.84782608695652,2.26315789473684
85,23,20,22,21,NA,NA,20,18,22,3.77272727272727,4.25,4,4.04761904761905,NA,NA,4.25,3.9047619047619,4.72222222222222,61,43,56,54,NA,NA,43,38,47,1.38333333333333,1.97674418604651,1.52727272727273,1.57407407407407,NA,NA,2,1.82222222222222,2.24324324324324
84,23,20,22,21,NA,NA,20,18,22,3.72727272727273,4.2,3.95238095238095,4,NA,NA,4.2,3.9047619047619,4.66666666666667,61,42,55,54,NA,NA,42,38,47,1.36666666666667,2,1.53703703703704,1.55555555555556,NA,NA,2,1.80434782608696,2.24324324324324
83,23,20,22,21,NA,NA,20,18,22,3.68181818181818,4.15,3.9047619047619,3.95238095238095,NA,NA,4.15,3.85714285714286,4.61111111111111,61,42,55,53,NA,NA,42,37,46,1.35,1.97619047619048,1.51851851851852,1.56603773584906,NA,NA,2,1.80434782608696,2.24324324324324
82,23,20,22,21,NA,NA,20,18,22,3.63636363636364,4.1,3.85714285714286,3.9047619047619,NA,NA,4.1,3.80952380952381,4.55555555555556,61,42,55,53,NA,NA,42,37,46,1.33333333333333,1.95238095238095,1.5,1.54716981132075,NA,NA,1.97560975609756,1.77777777777778,2.22222222222222
81,23,20,22,21,NA,NA,20,18,22,3.59090909090909,4.05,3.80952380952381,3.85714285714286,NA,NA,4.05,3.76190476190476,4.5,61,42,55,52,NA,NA,42,37,46,1.31666666666667,1.92857142857143,1.48148148148148,1.55769230769231,NA,NA,1.95121951219512,1.76086956521739,2.22222222222222
80,23,20,22,21,NA,NA,20,18,22,3.54545454545455,4,3.76190476190476,3.80952380952381,NA,NA,4,3.71428571428571,4.44444444444444,61,42,55,52,NA,NA,41,37,46,1.3,1.9047619047619,1.46296296296296,1.53846153846154,NA,NA,1.95121951219512,1.75555555555556,2.19444444444444
79,23,20,22,21,NA,NA,20,18,22,3.5,3.95,3.71428571428571,3.76190476190476,NA,NA,3.95,3.71428571428571,4.38888888888889,61,42,54,52,NA,NA,41,36,45,1.28333333333333,1.88095238095238,1.47169811320755,1.51923076923077,NA,NA,1.95,1.75555555555556,2.19444444444444
78,23,20,22,21,NA,NA,20,18,22,3.45454545454545,3.9,3.66666666666667,3.71428571428571,NA,NA,3.9,3.66666666666667,4.33333333333333,60,42,54,52,NA,NA,41,36,45,1.28813559322034,1.85714285714286,1.45283018867925,1.5,NA,NA,1.925,1.73333333333333,2.16666666666667
77,23,20,22,21,NA,NA,20,18,22,3.40909090909091,3.85,3.61904761904762,3.66666666666667,NA,NA,3.94736842105263,3.61904761904762,4.27777777777778,60,41,53,51,NA,NA,40,36,45,1.27118644067797,1.8780487804878,1.46153846153846,1.50980392156863,NA,NA,1.925,1.72727272727273,2.17142857142857
76,23,20,22,21,NA,NA,20,18,22,3.36363636363636,3.8,3.57142857142857,3.61904761904762,NA,NA,3.94736842105263,3.57142857142857,4.41176470588235,60,41,53,51,NA,NA,40,35,45,1.25423728813559,1.85365853658537,1.44230769230769,1.49019607843137,NA,NA,1.9,1.70454545454545,2.17142857142857
75,23,20,22,21,NA,NA,20,18,22,3.31818181818182,3.75,3.52380952380952,3.57142857142857,NA,NA,3.8421052631579,3.52380952380952,4.35294117647059,60,40,53,50,NA,NA,40,35,44,1.23728813559322,1.875,1.42307692307692,1.5,NA,NA,1.8974358974359,1.69767441860465,2.14285714285714
74,23,20,22,21,NA,NA,20,18,22,3.27272727272727,3.7,3.47619047619048,3.52380952380952,NA,NA,3.78947368421053,3.47619047619048,4.29411764705882,59,40,52,49,NA,NA,40,35,44,1.24137931034483,1.85,1.43137254901961,1.51020408163265,NA,NA,1.87179487179487,1.68181818181818,2.11428571428571
73,23,20,22,21,NA,NA,20,18,22,3.22727272727273,3.65,3.42857142857143,3.47619047619048,NA,NA,3.78947368421053,3.42857142857143,4.23529411764706,59,40,52,49,NA,NA,39,35,44,1.22413793103448,1.825,1.41176470588235,1.48979591836735,NA,NA,1.86842105263158,1.65909090909091,2.08571428571429
72,23,20,22,21,NA,NA,20,17,22,3.18181818181818,3.6,3.38095238095238,3.42857142857143,NA,NA,3.73684210526316,3.38095238095238,4.23529411764706,58,40,52,49,NA,NA,39,35,44,1.2280701754386,1.8,1.3921568627451,1.46938775510204,NA,NA,1.84615384615385,1.65116279069767,2.08823529411765
71,23,20,22,21,NA,NA,20,17,22,3.13636363636364,3.55,3.33333333333333,3.38095238095238,NA,NA,3.68421052631579,3.33333333333333,4.17647058823529,58,40,52,49,NA,NA,39,34,43,1.21052631578947,1.775,1.37254901960784,1.44897959183673,NA,NA,1.84210526315789,1.65116279069767,2.08823529411765
70,23,20,22,21,NA,NA,20,17,22,3.09090909090909,3.5,3.28571428571429,3.33333333333333,NA,NA,3.63157894736842,3.28571428571429,4.11764705882353,58,40,51,49,NA,NA,38,34,43,1.19298245614035,1.75,1.38,1.42857142857143,NA,NA,1.84210526315789,1.63414634146341,2.09090909090909
69,23,20,22,21,NA,NA,20,17,22,3.04545454545455,3.45,3.23809523809524,3.28571428571429,NA,NA,3.57894736842105,3.23809523809524,4.05882352941176,58,39,51,49,NA,NA,38,34,43,1.17543859649123,1.76923076923077,1.36,1.40816326530612,NA,NA,1.81578947368421,1.61904761904762,2.06060606060606
68,23,20,22,21,NA,NA,20,17,21,3,3.4,3.19047619047619,3.23809523809524,NA,NA,3.52631578947368,3.23809523809524,4,58,39,51,49,NA,NA,38,33,42,1.15789473684211,1.74358974358974,1.34,1.38775510204082,NA,NA,1.80555555555556,1.61904761904762,2.06060606060606
67,23,20,22,21,NA,NA,19,17,21,2.95454545454545,3.35,3.14285714285714,3.19047619047619,NA,NA,3.52631578947368,3.19047619047619,3.94117647058824,58,39,51,48,NA,NA,37,33,42,1.14035087719298,1.71794871794872,1.32,1.39583333333333,NA,NA,1.80555555555556,1.60975609756098,2.03030303030303
66,23,20,22,21,NA,NA,19,17,21,2.90909090909091,3.3,3.0952380952381,3.14285714285714,NA,NA,3.47368421052632,3.14285714285714,3.88235294117647,57,39,51,47,NA,NA,37,32,41,1.14285714285714,1.69230769230769,1.3,1.40425531914894,NA,NA,1.78378378378378,1.6,2.0625
65,23,20,22,21,NA,NA,19,17,21,2.86363636363636,3.25,3.04761904761905,3.0952380952381,NA,NA,3.42105263157895,3.0952380952381,3.82352941176471,56,39,51,47,NA,NA,37,33,41,1.14545454545455,1.66666666666667,1.28,1.38297872340426,NA,NA,1.75675675675676,1.58536585365854,2
64,22,20,22,21,NA,NA,19,17,21,2.95238095238095,3.2,3,3.04761904761905,NA,NA,3.36842105263158,3.04761904761905,3.76470588235294,55,38,51,46,NA,NA,37,32,41,1.14814814814815,1.68421052631579,1.26,1.39130434782609,NA,NA,1.75,1.5609756097561,2.03225806451613
63,22,20,22,21,NA,NA,19,17,21,2.9047619047619,3.15,2.95238095238095,3,NA,NA,3.31578947368421,3,3.875,55,38,50,45,NA,NA,36,32,40,1.12962962962963,1.65789473684211,1.26530612244898,1.4,NA,NA,1.75,1.575,2
62,22,20,22,21,NA,NA,19,17,21,2.85714285714286,3.1,2.9047619047619,2.95238095238095,NA,NA,3.26315789473684,2.95238095238095,3.8125,54,38,50,45,NA,NA,36,32,40,1.13207547169811,1.63157894736842,1.24489795918367,1.37777777777778,NA,NA,1.74285714285714,1.55,1.96774193548387
61,22,20,22,21,NA,NA,19,17,21,2.80952380952381,3.05,2.85714285714286,2.9047619047619,NA,NA,3.21052631578947,2.9047619047619,3.75,53,37,50,45,NA,NA,35,31,40,1.13461538461538,1.64864864864865,1.22448979591837,1.35555555555556,NA,NA,1.73529411764706,1.53846153846154,1.96774193548387
60,22,20,22,21,NA,NA,19,17,21,2.76190476190476,3,2.80952380952381,2.85714285714286,NA,NA,3.1578947368421,2.85714285714286,3.6875,52,37,49,45,NA,NA,35,31,40,1.13725490196078,1.62162162162162,1.22916666666667,1.33333333333333,NA,NA,1.71428571428571,1.51282051282051,1.93548387096774
59,22,20,21,21,NA,NA,19,17,21,2.71428571428571,2.95,2.9,2.80952380952381,NA,NA,3.16666666666667,2.85,3.625,51,37,48,45,NA,NA,35,31,39,1.14,1.59459459459459,1.23404255319149,1.31111111111111,NA,NA,1.70588235294118,1.51282051282051,1.93333333333333
58,22,20,21,21,NA,NA,19,16,21,2.66666666666667,2.9,2.85,2.76190476190476,NA,NA,3.16666666666667,2.8,3.625,51,36,47,44,NA,NA,34,30,39,1.12,1.61111111111111,1.23913043478261,1.31818181818182,NA,NA,1.70588235294118,1.5,1.93333333333333
57,22,20,21,21,NA,NA,19,16,21,2.61904761904762,2.85,2.8,2.71428571428571,NA,NA,3.11111111111111,2.8,3.5625,50,36,47,44,NA,NA,34,30,38,1.12244897959184,1.58333333333333,1.21739130434783,1.29545454545455,NA,NA,1.67647058823529,1.5,1.9
56,22,20,21,21,NA,NA,19,16,21,2.57142857142857,2.8,2.75,2.66666666666667,NA,NA,3.05555555555556,2.75,3.5,49,36,46,44,NA,NA,34,29,38,1.125,1.55555555555556,1.22222222222222,1.27272727272727,NA,NA,1.66666666666667,1.47368421052632,1.89655172413793
55,22,20,21,21,NA,NA,19,16,21,2.52380952380952,2.75,2.7,2.61904761904762,NA,NA,3,2.7,3.4375,48,36,46,44,NA,NA,34,29,38,1.12765957446809,1.52777777777778,1.2,1.25,NA,NA,1.63636363636364,1.44736842105263,1.89655172413793
54,22,20,20,21,NA,NA,18,16,21,2.47619047619048,2.7,2.7,2.57142857142857,NA,NA,3,2.65,3.375,47,36,45,44,NA,NA,33,29,37,1.1304347826087,1.5,1.2,1.22727272727273,NA,NA,1.63636363636364,1.45945945945946,1.86206896551724
53,22,20,20,21,NA,NA,18,16,21,2.42857142857143,2.65,2.65,2.52380952380952,NA,NA,2.94444444444444,2.6,3.46666666666667,47,35,45,43,NA,NA,33,28,37,1.10869565217391,1.51428571428571,1.17777777777778,1.23255813953488,NA,NA,1.625,1.43243243243243,1.85714285714286
52,22,20,20,20,NA,NA,18,16,21,2.38095238095238,2.6,2.6,2.6,NA,NA,2.88888888888889,2.55,3.4,46,35,44,42,NA,NA,32,28,37,1.11111111111111,1.48571428571429,1.18181818181818,1.23809523809524,NA,NA,1.625,1.41666666666667,1.85714285714286
51,22,20,20,20,NA,NA,18,16,20,2.33333333333333,2.55,2.55,2.55,NA,NA,2.83333333333333,2.55,3.33333333333333,45,35,44,42,NA,NA,32,28,36,1.11363636363636,1.45714285714286,1.15909090909091,1.21428571428571,NA,NA,1.61290322580645,1.41666666666667,1.85185185185185
50,22,19,20,20,NA,NA,18,16,20,2.28571428571429,2.63157894736842,2.5,2.5,NA,NA,2.77777777777778,2.5,3.26666666666667,44,34,43,42,NA,NA,31,27,35,1.11627906976744,1.47058823529412,1.16279069767442,1.19047619047619,NA,NA,1.6,1.42857142857143,1.81481481481481
49,22,19,20,20,NA,NA,18,15,20,2.23809523809524,2.57894736842105,2.45,2.45,NA,NA,2.72222222222222,2.45,3.26666666666667,44,33,43,42,NA,NA,31,27,35,1.09302325581395,1.48484848484848,1.13953488372093,1.16666666666667,NA,NA,1.58064516129032,1.4,1.81481481481481
48,22,19,20,20,NA,NA,18,15,20,2.19047619047619,2.52631578947368,2.4,2.4,NA,NA,2.76470588235294,2.4,3.2,43,33,42,41,NA,NA,31,27,35,1.0952380952381,1.45454545454545,1.14285714285714,1.17073170731707,NA,NA,1.56666666666667,1.38235294117647,1.80769230769231
47,22,18,20,20,NA,NA,18,15,20,2.14285714285714,2.61111111111111,2.35,2.35,NA,NA,2.70588235294118,2.35,3.13333333333333,43,32,41,41,NA,NA,30,26,34,1.07142857142857,1.46875,1.14634146341463,1.14634146341463,NA,NA,1.56666666666667,1.38235294117647,1.80769230769231
46,22,18,20,20,NA,NA,17,15,20,2.0952380952381,2.55555555555556,2.3,2.3,NA,NA,2.70588235294118,2.3,3.06666666666667,43,31,40,40,NA,NA,30,26,33,1.04761904761905,1.48387096774194,1.15,1.15,NA,NA,1.55172413793103,1.36363636363636,1.76923076923077
45,22,18,20,20,NA,NA,17,15,20,2.04761904761905,2.5,2.25,2.25,NA,NA,2.64705882352941,2.31578947368421,3,42,31,39,40,NA,NA,29,25,33,1.04878048780488,1.45161290322581,1.15384615384615,1.125,NA,NA,1.55172413793103,1.34375,1.8
44,22,17,20,20,NA,NA,17,15,20,2,2.58823529411765,2.2,2.2,NA,NA,2.58823529411765,2.26315789473684,2.93333333333333,41,30,38,39,NA,NA,29,25,33,1.05,1.46666666666667,1.15789473684211,1.12820512820513,NA,NA,1.51724137931034,1.33333333333333,1.76
43,22,17,20,20,NA,NA,17,15,20,1.95238095238095,2.52941176470588,2.15,2.15,NA,NA,2.52941176470588,2.21052631578947,2.92857142857143,40,30,37,38,NA,NA,29,25,32,1.05128205128205,1.43333333333333,1.16216216216216,1.13157894736842,NA,NA,1.5,1.34375,1.75
42,22,17,20,20,NA,NA,17,14,20,1.9047619047619,2.47058823529412,2.1,2.1,NA,NA,2.47058823529412,2.15789473684211,3,39,30,36,37,NA,NA,28,24,32,1.05263157894737,1.4,1.16666666666667,1.13513513513514,NA,NA,1.5,1.3125,1.75
41,22,17,20,20,NA,NA,17,14,19,1.85714285714286,2.41176470588235,2.05,2.05,NA,NA,2.41176470588235,2.15789473684211,2.92857142857143,38,30,35,37,NA,NA,28,24,31,1.05405405405405,1.36666666666667,1.17142857142857,1.10810810810811,NA,NA,1.48148148148148,1.32258064516129,1.70833333333333
40,22,16,20,20,NA,NA,17,14,19,1.80952380952381,2.5,2,2,NA,NA,2.4375,2.10526315789474,2.85714285714286,38,29,34,36,NA,NA,27,23,31,1.02702702702703,1.37931034482759,1.17647058823529,1.11111111111111,NA,NA,1.48148148148148,1.3,1.73913043478261
39,22,16,20,19,NA,11,17,14,19,1.76190476190476,2.4375,1.95,2.05263157894737,NA,3.8,2.375,2.05263157894737,2.78571428571429,37,29,33,35,NA,21,27,23,30,1.02777777777778,1.3448275862069,1.18181818181818,1.11428571428571,NA,1.9,1.46153846153846,1.26666666666667,1.69565217391304
38,22,16,20,18,NA,NA,16,14,19,1.71428571428571,2.375,1.9,2.11111111111111,NA,NA,2.375,2,2.76923076923077,36,29,33,34,NA,NA,26,22,30,1.02857142857143,1.31034482758621,1.15151515151515,1.11764705882353,NA,NA,1.46153846153846,1.26666666666667,1.71428571428571
37,22,16,20,18,NA,NA,16,14,19,1.66666666666667,2.3125,1.85,2.05555555555556,NA,NA,2.3125,2,2.76923076923077,36,28,33,33,NA,NA,26,22,29,1,1.32142857142857,1.12121212121212,1.12121212121212,NA,NA,1.42307692307692,1.27586206896552,1.68181818181818
36,22,15,20,18,NA,NA,16,13,19,1.61904761904762,2.4,1.8,2,NA,NA,2.25,1.94444444444444,2.76923076923077,35,27,33,32,NA,NA,25,22,29,1,1.33333333333333,1.09090909090909,1.125,NA,NA,1.44,1.24137931034483,1.66666666666667
35,22,15,20,18,NA,NA,16,13,18,1.57142857142857,2.33333333333333,1.75,1.94444444444444,NA,NA,2.1875,1.94117647058824,2.69230769230769,34,27,33,31,NA,NA,25,21,28,1,1.2962962962963,1.06060606060606,1.12903225806452,NA,NA,1.4,1.21428571428571,1.66666666666667
34,22,15,20,18,NA,NA,16,13,18,1.52380952380952,2.26666666666667,1.7,1.88888888888889,NA,NA,2.125,1.88888888888889,2.61538461538462,33,26,32,31,NA,NA,24,21,28,1,1.30769230769231,1.0625,1.09677419354839,NA,NA,1.41666666666667,1.21428571428571,1.61904761904762
33,22,15,20,18,NA,NA,16,13,18,1.47619047619048,2.2,1.65,1.83333333333333,NA,NA,2.13333333333333,1.83333333333333,2.53846153846154,32,26,31,31,NA,NA,24,20,27,1,1.26923076923077,1.06451612903226,1.06451612903226,NA,NA,1.375,1.22222222222222,1.65
32,22,15,20,18,NA,NA,15,13,18,1.42857142857143,2.13333333333333,1.6,1.77777777777778,NA,NA,2.13333333333333,1.82352941176471,2.46153846153846,31,25,31,30,NA,NA,23,20,27,1,1.28,1.03225806451613,1.06666666666667,NA,NA,1.39130434782609,1.19230769230769,1.6
31,22,15,20,18,NA,NA,15,13,18,1.38095238095238,2.06666666666667,1.55,1.72222222222222,NA,NA,2.06666666666667,1.72222222222222,2.5,30,24,30,29,NA,NA,23,19,26,1,1.29166666666667,1.03333333333333,1.06896551724138,NA,NA,1.36363636363636,1.19230769230769,1.63157894736842
30,22,15,19,18,NA,NA,15,12,18,1.33333333333333,2,1.57894736842105,1.66666666666667,NA,NA,2,1.70588235294118,2.5,29,24,29,28,NA,NA,22,19,25,1,1.25,1.03448275862069,1.07142857142857,NA,NA,1.36363636363636,1.2,1.57894736842105
29,21,15,19,18,NA,NA,15,12,17,1.35,1.93333333333333,1.52631578947368,1.61111111111111,NA,NA,2,1.70588235294118,2.41666666666667,28,24,28,28,NA,NA,22,19,25,1,1.20833333333333,1.03571428571429,1.03571428571429,NA,NA,1.31818181818182,1.16,1.55555555555556
28,21,15,19,18,NA,NA,14,12,17,1.35,1.86666666666667,1.47368421052632,1.55555555555556,NA,NA,2,1.64705882352941,2.33333333333333,28,23,28,28,NA,NA,21,18,24,1,1.21739130434783,1,1,NA,NA,1.33333333333333,1.16666666666667,1.55555555555556
27,21,15,18,18,NA,NA,14,12,17,1.3,1.8,1.5,1.5,NA,NA,1.92857142857143,1.625,2.36363636363636,27,22,27,27,NA,NA,21,17,24,1,1.22727272727273,1,1,NA,NA,1.28571428571429,1.1304347826087,1.58823529411765
26,21,15,17,17,NA,NA,14,11,16,1.25,1.73333333333333,1.52941176470588,1.52941176470588,NA,NA,1.85714285714286,1.625,2.36363636363636,26,22,26,26,NA,NA,20,17,23,1,1.18181818181818,1,1,NA,NA,1.3,1.1304347826087,1.52941176470588
25,21,15,17,16,NA,NA,14,11,16,1.2,1.66666666666667,1.47058823529412,1.5625,NA,NA,1.84615384615385,1.5625,2.27272727272727,25,22,25,25,NA,NA,19,16,22,1,1.13636363636364,1,1,NA,NA,1.31578947368421,1.13636363636364,1.5625
24,20,14,17,16,NA,NA,13,11,16,1.21052631578947,1.71428571428571,1.41176470588235,1.5,NA,NA,1.84615384615385,1.5,2.18181818181818,24,21,24,24,NA,NA,19,16,22,1,1.14285714285714,1,1,NA,NA,1.26315789473684,1.0952380952381,1.5
23,20,14,16,16,NA,NA,13,11,16,1.15789473684211,1.64285714285714,1.4375,1.4375,NA,NA,1.76923076923077,1.46666666666667,2.09090909090909,23,20,23,23,NA,NA,18,16,21,1,1.15,1,1,NA,NA,1.27777777777778,1.0952380952381,1.46666666666667
22,19,14,16,15,NA,NA,13,10,15,1.16666666666667,1.57142857142857,1.375,1.46666666666667,NA,NA,1.75,1.46666666666667,2.2,22,19,22,22,NA,NA,18,15,20,1,1.15789473684211,1,1,NA,NA,1.23529411764706,1.1,1.46666666666667
21,18,14,16,15,NA,NA,12,10,15,1.17647058823529,1.5,1.3125,1.4,NA,NA,1.75,1.4,2.1,21,19,21,21,NA,NA,17,14,19,1,1.10526315789474,1,1,NA,NA,1.23529411764706,1.10526315789474,1.5
20,17,14,16,14,NA,NA,12,9,15,1.1875,1.42857142857143,1.25,1.42857142857143,NA,NA,1.66666666666667,1.35714285714286,2.11111111111111,20,18,20,20,NA,NA,16,14,19,1,1.11111111111111,1,1,NA,NA,1.25,1.05263157894737,1.46153846153846
19,17,14,15,13,NA,NA,12,9,14,1.125,1.35714285714286,1.26666666666667,1.46153846153846,NA,NA,1.58333333333333,1.35714285714286,2.11111111111111,19,17,19,19,NA,NA,16,13,18,1,1.11764705882353,1,1,NA,NA,1.2,1.05555555555556,1.46153846153846
18,16,14,14,13,NA,NA,11,9,14,1.13333333333333,1.28571428571429,1.28571428571429,1.38461538461538,NA,NA,1.63636363636364,1.28571428571429,2,18,17,18,18,NA,NA,15,13,17,1,1.05882352941176,1,1,NA,NA,1.2,1.05882352941176,1.41666666666667
17,15,13,14,13,NA,NA,11,9,13,1.14285714285714,1.30769230769231,1.21428571428571,1.30769230769231,NA,NA,1.54545454545455,1.25,2,17,16,17,17,NA,NA,14,12,16,1,1.0625,1,1,NA,NA,1.21428571428571,1.0625,1.41666666666667
16,15,13,14,13,NA,NA,11,8,13,1.07142857142857,1.23076923076923,1.14285714285714,1.23076923076923,NA,NA,1.5,1.23076923076923,2,16,16,16,16,NA,NA,14,11,16,1,1,1,1,NA,NA,1.15384615384615,1,1.45454545454545
15,15,12,13,13,9,NA,10,8,12,1,1.25,1.15384615384615,1.15384615384615,1.66666666666667,NA,1.5,1.25,1.875,15,15,15,15,12,NA,13,11,15,1,1,1,1,1.25,NA,1.15384615384615,1,1.36363636363636
14,14,11,13,13,NA,NA,10,8,12,1,1.27272727272727,1.07692307692308,1.07692307692308,NA,NA,1.4,1.16666666666667,1.85714285714286,14,14,14,14,NA,NA,12,10,14,1,1,1,1,NA,NA,1.16666666666667,1,1.4
13,13,10,12,12,NA,NA,9,7,11,1,1.3,1.08333333333333,1.08333333333333,NA,NA,1.44444444444444,1.18181818181818,1.85714285714286,13,13,13,13,NA,NA,12,9,13,1,1,1,1,NA,NA,1.09090909090909,1,1.44444444444444
12,12,10,11,11,NA,NA,9,7,11,1,1.2,1.09090909090909,1.09090909090909,NA,NA,1.33333333333333,1.09090909090909,1.71428571428571,12,12,12,12,NA,NA,11,9,12,1,1,1,1,NA,NA,1.09090909090909,1,1.33333333333333
11,11,10,11,10,NA,NA,8,6,10,1,1.1,1,1.1,NA,NA,1.375,1.1,1.83333333333333,11,11,11,11,NA,NA,10,8,11,1,1,1,1,NA,NA,1.1,1,1.375
10,10,9,10,9,NA,NA,8,6,9,1,1.11111111111111,1,1.11111111111111,NA,NA,1.25,1.11111111111111,1.66666666666667,10,10,10,10,NA,NA,9,7,10,1,1,1,1,NA,NA,1.11111111111111,1,1.28571428571429
9,9,8,9,8,NA,NA,7,5,9,1,1.125,1,1.125,NA,NA,1.28571428571429,1,1.8,9,9,9,9,NA,NA,8,7,9,1,1,1,1,NA,NA,1.125,1,1.28571428571429
8,8,7,8,8,NA,NA,7,5,8,1,1.14285714285714,1,1,NA,NA,1.14285714285714,1,1.6,8,8,8,8,NA,NA,7,6,8,1,1,1,1,NA,NA,1.14285714285714,1,1.33333333333333
7,7,7,7,7,NA,NA,6,4,7,1,1,1,1,NA,NA,1.16666666666667,1,1.75,7,7,7,7,NA,NA,7,5,7,1,1,1,1,NA,NA,1,1,1.4
6,6,6,6,6,NA,NA,5,4,6,1,1,1,1,NA,NA,1.2,1,1.5,6,6,6,6,NA,NA,6,5,6,1,1,1,1,NA,NA,1,1,1.2
5,5,5,5,5,NA,NA,5,3,5,1,1,1,1,NA,NA,1,1,1.66666666666667,5,5,5,5,NA,NA,5,4,5,1,1,1,1,NA,NA,1,1,1.25
4,4,4,4,4,NA,NA,4,3,4,1,1,1,1,NA,NA,1,1,1.33333333333333,4,4,4,4,NA,NA,4,3,4,1,1,1,1,NA,NA,1,1,1.33333333333333
3,3,3,3,3,NA,NA,3,2,3,1,1,1,1,NA,NA,1,1,1.5,3,3,3,3,NA,NA,3,2,3,1,1,1,1,NA,NA,1,1,1.5
